Algorithm,Bom,Nodes,AttemptNr,Status,Time,Makespan,Iterations
SAL-Ei-LM,bom_deep_6_3_16_4_No1,63,1,SATISFIED,1.5835,817470.0,4316.28
SAL-Ei-LM,bom_deep_6_3_16_4_No1,63,2,SATISFIED,1.8499,813690.0,4351.88
SAL-Ei-LM,bom_deep_6_3_16_4_No1,63,3,SATISFIED,1.903,815940.0,4363.66
SAL-Ei-LM,bom_deep_6_3_16_4_No1,63,4,SATISFIED,1.9425,819675.0,4347.09
SAL-Ei-LM,bom_deep_6_3_16_4_No1,63,5,SATISFIED,1.8724,809577.0,4383.19
SAL-Ei-LM,bom_deep_6_3_16_4_No1,63,6,SATISFIED,1.5701,810600.0,4375.12
SAL-Ei-LM,bom_deep_6_3_16_4_No1,63,7,SATISFIED,1.6305,808920.0,4371.34
SAL-Ei-LM,bom_deep_6_3_16_4_No1,63,8,SATISFIED,1.4836,809490.0,4443.16
SAL-Ei-LM,bom_deep_6_3_16_4_No1,63,9,SATISFIED,1.4905,812355.0,4435.53
SAL-Ei-LM,bom_deep_6_3_16_4_No1,63,10,SATISFIED,1.5985,819075.0,4422.94
SAL-Ei-LM,bom_deep_6_3_16_4_No2,86,1,SATISFIED,1.6129,1600860.0,3959.03
SAL-Ei-LM,bom_deep_6_3_16_4_No2,86,2,SATISFIED,1.6113,1620360.0,3927.59
SAL-Ei-LM,bom_deep_6_3_16_4_No2,86,3,SATISFIED,1.6054,1607700.0,3918.94
SAL-Ei-LM,bom_deep_6_3_16_4_No2,86,4,SATISFIED,1.5222,1606290.0,3907.03
SAL-Ei-LM,bom_deep_6_3_16_4_No2,86,5,SATISFIED,1.5314,1606290.0,3908.12
SAL-Ei-LM,bom_deep_6_3_16_4_No2,86,6,SATISFIED,1.5264,1603290.0,3881.97
SAL-Ei-LM,bom_deep_6_3_16_4_No2,86,7,SATISFIED,1.5966,1607865.0,3892.06
SAL-Ei-LM,bom_deep_6_3_16_4_No2,86,8,SATISFIED,1.6028,1594710.0,3953.09
SAL-Ei-LM,bom_deep_6_3_16_4_No2,86,9,SATISFIED,1.7162,1593240.0,3915.69
SAL-Ei-LM,bom_deep_6_3_16_4_No2,86,10,SATISFIED,1.7708,1597230.0,3905.19
SAL-Ei-LM,bom_deep_6_4_40_15_No1,971,1,SATISFIED,9.9076,6847219.0,482.84
SAL-Ei-LM,bom_deep_6_4_40_15_No1,971,2,SATISFIED,8.7787,6804416.0,466.66
SAL-Ei-LM,bom_deep_6_4_40_15_No1,971,3,SATISFIED,8.7527,6738754.0,467.78
SAL-Ei-LM,bom_deep_6_4_40_15_No1,971,4,SATISFIED,9.9787,6361054.0,469.5
SAL-Ei-LM,bom_deep_6_4_40_15_No1,971,5,SATISFIED,9.1136,6792195.0,474.0
SAL-Ei-LM,bom_deep_6_4_40_15_No1,971,6,SATISFIED,10.0263,6888209.0,471.38
SAL-Ei-LM,bom_deep_6_4_40_15_No1,971,7,SATISFIED,8.6624,6750435.0,473.41
SAL-Ei-LM,bom_deep_6_4_40_15_No1,971,8,SATISFIED,8.4962,6725792.0,467.0
SAL-Ei-LM,bom_deep_6_4_40_15_No1,971,9,SATISFIED,8.5532,6860646.0,473.19
SAL-Ei-LM,bom_deep_6_4_40_15_No1,971,10,SATISFIED,9.1999,6699585.0,474.0
SAL-Ei-LM,bom_deep_6_4_40_15_No2,711,1,SATISFIED,6.557,4017024.0,688.81
SAL-Ei-LM,bom_deep_6_4_40_15_No2,711,2,SATISFIED,6.4295,4069514.0,698.0
SAL-Ei-LM,bom_deep_6_4_40_15_No2,711,3,SATISFIED,5.9084,3869498.0,691.97
SAL-Ei-LM,bom_deep_6_4_40_15_No2,711,4,SATISFIED,5.937,3850554.0,715.03
SAL-Ei-LM,bom_deep_6_4_40_15_No2,711,5,SATISFIED,5.7557,3842133.0,686.62
SAL-Ei-LM,bom_deep_6_4_40_15_No2,711,6,SATISFIED,6.1952,4093522.0,695.66
SAL-Ei-LM,bom_deep_6_4_40_15_No2,711,7,SATISFIED,5.5726,3937378.0,694.16
SAL-Ei-LM,bom_deep_6_4_40_15_No2,711,8,SATISFIED,5.5884,3833973.0,693.06
SAL-Ei-LM,bom_deep_6_4_40_15_No2,711,9,SATISFIED,5.748,3815226.0,693.84
SAL-Ei-LM,bom_deep_6_4_40_15_No2,711,10,SATISFIED,5.6761,3757625.0,717.5
SAL-Ei-LM,bom_deep_6_5_10_5_No1,54,1,SATISFIED,1.4189,780115.0,4249.12
SAL-Ei-LM,bom_deep_6_5_10_5_No1,54,2,SATISFIED,1.5228,787683.0,4267.5
SAL-Ei-LM,bom_deep_6_5_10_5_No1,54,3,SATISFIED,1.455,786512.0,4303.0
SAL-Ei-LM,bom_deep_6_5_10_5_No1,54,4,SATISFIED,1.4755,791122.0,4289.12
SAL-Ei-LM,bom_deep_6_5_10_5_No1,54,5,SATISFIED,1.4824,790940.0,4287.56
SAL-Ei-LM,bom_deep_6_5_10_5_No1,54,6,SATISFIED,1.4337,771802.0,4322.28
SAL-Ei-LM,bom_deep_6_5_10_5_No1,54,7,SATISFIED,1.4408,789082.0,4354.22
SAL-Ei-LM,bom_deep_6_5_10_5_No1,54,8,SATISFIED,1.4946,782510.0,4252.81
SAL-Ei-LM,bom_deep_6_5_10_5_No1,54,9,SATISFIED,1.4277,792746.0,4256.41
SAL-Ei-LM,bom_deep_6_5_10_5_No1,54,10,SATISFIED,1.4535,781460.0,4307.06
SAL-Ei-LM,bom_deep_6_5_10_5_No2,54,1,SATISFIED,1.4355,620450.0,4425.81
SAL-Ei-LM,bom_deep_6_5_10_5_No2,54,2,SATISFIED,1.4425,632975.0,4455.5
SAL-Ei-LM,bom_deep_6_5_10_5_No2,54,3,SATISFIED,1.4662,632933.0,4436.09
SAL-Ei-LM,bom_deep_6_5_10_5_No2,54,4,SATISFIED,1.424,638659.0,4433.97
SAL-Ei-LM,bom_deep_6_5_10_5_No2,54,5,SATISFIED,1.4449,616779.0,4437.34
SAL-Ei-LM,bom_deep_6_5_10_5_No2,54,6,SATISFIED,1.4435,631776.0,4473.81
SAL-Ei-LM,bom_deep_6_5_10_5_No2,54,7,SATISFIED,1.4933,639851.0,4451.84
SAL-Ei-LM,bom_deep_6_5_10_5_No2,54,8,SATISFIED,1.4419,635680.0,4450.47
SAL-Ei-LM,bom_deep_6_5_10_5_No2,54,9,SATISFIED,1.4297,629198.0,4549.0
SAL-Ei-LM,bom_deep_6_5_10_5_No2,54,10,SATISFIED,1.5418,636625.0,4469.59
SAL-Ei-LM,bom_deep_6_5_20_10_No1,217,1,SATISFIED,2.2541,539685.0,2131.97
SAL-Ei-LM,bom_deep_6_5_20_10_No1,217,2,SATISFIED,2.2794,568385.0,2122.09
SAL-Ei-LM,bom_deep_6_5_20_10_No1,217,3,SATISFIED,2.1759,549595.0,2132.78
SAL-Ei-LM,bom_deep_6_5_20_10_No1,217,4,SATISFIED,2.2486,561995.0,2103.97
SAL-Ei-LM,bom_deep_6_5_20_10_No1,217,5,SATISFIED,2.2299,556415.0,2130.59
SAL-Ei-LM,bom_deep_6_5_20_10_No1,217,6,SATISFIED,2.2217,544940.0,2128.59
SAL-Ei-LM,bom_deep_6_5_20_10_No1,217,7,SATISFIED,2.3186,560040.0,2136.91
SAL-Ei-LM,bom_deep_6_5_20_10_No1,217,8,SATISFIED,2.1512,570420.0,2150.62
SAL-Ei-LM,bom_deep_6_5_20_10_No1,217,9,SATISFIED,2.2709,571520.0,2145.66
SAL-Ei-LM,bom_deep_6_5_20_10_No1,217,10,SATISFIED,2.2805,555085.0,2131.62
SAL-Ei-LM,bom_deep_6_5_20_10_No2,603,1,SATISFIED,4.9557,4675444.0,908.44
SAL-Ei-LM,bom_deep_6_5_20_10_No2,603,2,SATISFIED,5.1014,4969325.0,907.75
SAL-Ei-LM,bom_deep_6_5_20_10_No2,603,3,SATISFIED,4.6036,4992428.0,909.53
SAL-Ei-LM,bom_deep_6_5_20_10_No2,603,4,SATISFIED,4.6875,4744497.0,917.06
SAL-Ei-LM,bom_deep_6_5_20_10_No2,603,5,SATISFIED,4.8786,4832309.0,903.72
SAL-Ei-LM,bom_deep_6_5_20_10_No2,603,6,SATISFIED,5.059,4751879.0,914.22
SAL-Ei-LM,bom_deep_6_5_20_10_No2,603,7,SATISFIED,4.577,5010028.0,899.94
SAL-Ei-LM,bom_deep_6_5_20_10_No2,603,8,SATISFIED,5.1906,4939250.0,913.72
SAL-Ei-LM,bom_deep_6_5_20_10_No2,603,9,SATISFIED,4.5288,4470188.0,926.03
SAL-Ei-LM,bom_deep_6_5_20_10_No2,603,10,SATISFIED,4.885,5159386.0,910.81
SAL-Ei-LM,bom_deep_6_5_30_10_No1,296,1,SATISFIED,2.52,390780.0,1695.12
SAL-Ei-LM,bom_deep_6_5_30_10_No1,296,2,SATISFIED,2.5304,389795.0,1686.28
SAL-Ei-LM,bom_deep_6_5_30_10_No1,296,3,SATISFIED,2.6864,402430.0,1687.44
SAL-Ei-LM,bom_deep_6_5_30_10_No1,296,4,SATISFIED,2.5665,393495.0,1719.78
SAL-Ei-LM,bom_deep_6_5_30_10_No1,296,5,SATISFIED,2.8371,399535.0,1691.69
SAL-Ei-LM,bom_deep_6_5_30_10_No1,296,6,SATISFIED,2.5438,397595.0,1687.41
SAL-Ei-LM,bom_deep_6_5_30_10_No1,296,7,SATISFIED,2.6204,409490.0,1685.78
SAL-Ei-LM,bom_deep_6_5_30_10_No1,296,8,SATISFIED,2.518,395480.0,1681.5
SAL-Ei-LM,bom_deep_6_5_30_10_No1,296,9,SATISFIED,2.7406,390710.0,1689.16
SAL-Ei-LM,bom_deep_6_5_30_10_No1,296,10,SATISFIED,2.5511,390370.0,1678.44
SAL-Ei-LM,bom_deep_6_5_30_10_No2,223,1,SATISFIED,2.3096,992828.0,2023.47
SAL-Ei-LM,bom_deep_6_5_30_10_No2,223,2,SATISFIED,2.2133,923387.0,2007.88
SAL-Ei-LM,bom_deep_6_5_30_10_No2,223,3,SATISFIED,2.2099,985620.0,2026.09
SAL-Ei-LM,bom_deep_6_5_30_10_No2,223,4,SATISFIED,2.2293,990021.0,2031.75
SAL-Ei-LM,bom_deep_6_5_30_10_No2,223,5,SATISFIED,2.2017,963167.0,2021.03
SAL-Ei-LM,bom_deep_6_5_30_10_No2,223,6,SATISFIED,2.3209,993203.0,2022.59
SAL-Ei-LM,bom_deep_6_5_30_10_No2,223,7,SATISFIED,2.22,973788.0,2016.94
SAL-Ei-LM,bom_deep_6_5_30_10_No2,223,8,SATISFIED,2.1834,952966.0,2020.34
SAL-Ei-LM,bom_deep_6_5_30_10_No2,223,9,SATISFIED,2.5652,954985.0,2000.56
SAL-Ei-LM,bom_deep_6_5_30_10_No2,223,10,SATISFIED,2.3766,1053500.0,2029.41
SAL-Ei-LM,bom_deep_6_5_30_15_No1,54,1,SATISFIED,1.5756,461946.0,3479.22
SAL-Ei-LM,bom_deep_6_5_30_15_No1,54,2,SATISFIED,1.6033,479206.0,3530.56
SAL-Ei-LM,bom_deep_6_5_30_15_No1,54,3,SATISFIED,1.7288,476200.0,3518.0
SAL-Ei-LM,bom_deep_6_5_30_15_No1,54,4,SATISFIED,1.4282,467986.0,3551.22
SAL-Ei-LM,bom_deep_6_5_30_15_No1,54,5,SATISFIED,1.4661,471795.0,3550.12
SAL-Ei-LM,bom_deep_6_5_30_15_No1,54,6,SATISFIED,1.4701,437978.0,3509.34
SAL-Ei-LM,bom_deep_6_5_30_15_No1,54,7,SATISFIED,1.4708,456312.0,3506.19
SAL-Ei-LM,bom_deep_6_5_30_15_No1,54,8,SATISFIED,1.5504,465151.0,3556.0
SAL-Ei-LM,bom_deep_6_5_30_15_No1,54,9,SATISFIED,1.5705,445940.0,3512.0
SAL-Ei-LM,bom_deep_6_5_30_15_No1,54,10,SATISFIED,1.5368,459910.0,3521.97
SAL-Ei-LM,bom_deep_6_5_30_15_No2,54,1,SATISFIED,1.444,484516.0,3533.62
SAL-Ei-LM,bom_deep_6_5_30_15_No2,54,2,SATISFIED,1.4165,494611.0,3522.81
SAL-Ei-LM,bom_deep_6_5_30_15_No2,54,3,SATISFIED,1.4132,448846.0,3529.84
SAL-Ei-LM,bom_deep_6_5_30_15_No2,54,4,SATISFIED,1.4323,480512.0,3587.44
SAL-Ei-LM,bom_deep_6_5_30_15_No2,54,5,SATISFIED,1.4174,498741.0,3544.53
SAL-Ei-LM,bom_deep_6_5_30_15_No2,54,6,SATISFIED,1.4465,483154.0,3531.56
SAL-Ei-LM,bom_deep_6_5_30_15_No2,54,7,SATISFIED,1.4274,474298.0,3542.28
SAL-Ei-LM,bom_deep_6_5_30_15_No2,54,8,SATISFIED,1.4721,482168.0,3578.66
SAL-Ei-LM,bom_deep_6_5_30_15_No2,54,9,SATISFIED,1.4469,476739.0,3538.84
SAL-Ei-LM,bom_deep_6_5_30_15_No2,54,10,SATISFIED,1.4357,484896.0,3557.03
SAL-Ei-LM,bom_deep_7_3_10_5_No1,50,1,SATISFIED,1.4885,588205.0,4509.0
SAL-Ei-LM,bom_deep_7_3_10_5_No1,50,2,SATISFIED,1.483,587095.0,4549.06
SAL-Ei-LM,bom_deep_7_3_10_5_No1,50,3,SATISFIED,1.4857,586355.0,4601.91
SAL-Ei-LM,bom_deep_7_3_10_5_No1,50,4,SATISFIED,1.4751,588160.0,4542.62
SAL-Ei-LM,bom_deep_7_3_10_5_No1,50,5,SATISFIED,1.5338,586830.0,4555.44
SAL-Ei-LM,bom_deep_7_3_10_5_No1,50,6,SATISFIED,1.4903,585495.0,4525.59
SAL-Ei-LM,bom_deep_7_3_10_5_No1,50,7,SATISFIED,1.4678,584620.0,4539.19
SAL-Ei-LM,bom_deep_7_3_10_5_No1,50,8,SATISFIED,1.468,586705.0,4538.03
SAL-Ei-LM,bom_deep_7_3_10_5_No1,50,9,SATISFIED,1.4668,588100.0,4543.72
SAL-Ei-LM,bom_deep_7_3_10_5_No1,50,10,SATISFIED,1.4847,588400.0,4533.59
SAL-Ei-LM,bom_deep_7_3_10_5_No2,101,1,SATISFIED,1.6184,73415.0,3581.31
SAL-Ei-LM,bom_deep_7_3_10_5_No2,101,2,SATISFIED,1.7972,72135.0,3567.88
SAL-Ei-LM,bom_deep_7_3_10_5_No2,101,3,SATISFIED,1.8678,70925.0,3552.31
SAL-Ei-LM,bom_deep_7_3_10_5_No2,101,4,SATISFIED,1.9197,72525.0,3568.59
SAL-Ei-LM,bom_deep_7_3_10_5_No2,101,5,SATISFIED,1.628,71795.0,3582.44
SAL-Ei-LM,bom_deep_7_3_10_5_No2,101,6,SATISFIED,1.6828,71790.0,3559.59
SAL-Ei-LM,bom_deep_7_3_10_5_No2,101,7,SATISFIED,1.6735,71830.0,3570.97
SAL-Ei-LM,bom_deep_7_3_10_5_No2,101,8,SATISFIED,1.7056,73855.0,3573.84
SAL-Ei-LM,bom_deep_7_3_10_5_No2,101,9,SATISFIED,1.6914,71850.0,3573.0
SAL-Ei-LM,bom_deep_7_3_10_5_No2,101,10,SATISFIED,1.688,72640.0,3572.41
SAL-Ei-LM,bom_deep_7_3_15_5_No1,58,1,SATISFIED,1.5379,1656190.0,4289.69
SAL-Ei-LM,bom_deep_7_3_15_5_No1,58,2,SATISFIED,1.5166,1656185.0,4345.34
SAL-Ei-LM,bom_deep_7_3_15_5_No1,58,3,SATISFIED,1.4962,1656880.0,4344.81
SAL-Ei-LM,bom_deep_7_3_15_5_No1,58,4,SATISFIED,1.5133,1655740.0,4337.12
SAL-Ei-LM,bom_deep_7_3_15_5_No1,58,5,SATISFIED,1.5334,1656430.0,4288.59
SAL-Ei-LM,bom_deep_7_3_15_5_No1,58,6,SATISFIED,1.5284,1656450.0,4329.38
SAL-Ei-LM,bom_deep_7_3_15_5_No1,58,7,SATISFIED,1.5845,1656355.0,4320.38
SAL-Ei-LM,bom_deep_7_3_15_5_No1,58,8,SATISFIED,1.4821,1657065.0,4316.78
SAL-Ei-LM,bom_deep_7_3_15_5_No1,58,9,SATISFIED,1.4783,1656530.0,4339.19
SAL-Ei-LM,bom_deep_7_3_15_5_No1,58,10,SATISFIED,1.5409,1656665.0,4310.78
SAL-Ei-LM,bom_deep_7_3_15_5_No2,167,1,SATISFIED,1.9734,101800.0,2788.41
SAL-Ei-LM,bom_deep_7_3_15_5_No2,167,2,SATISFIED,2.0942,100420.0,2798.03
SAL-Ei-LM,bom_deep_7_3_15_5_No2,167,3,SATISFIED,1.9073,100890.0,2785.69
SAL-Ei-LM,bom_deep_7_3_15_5_No2,167,4,SATISFIED,1.965,100915.0,2779.47
SAL-Ei-LM,bom_deep_7_3_15_5_No2,167,5,SATISFIED,1.8757,102550.0,2808.47
SAL-Ei-LM,bom_deep_7_3_15_5_No2,167,6,SATISFIED,1.9332,102780.0,2804.84
SAL-Ei-LM,bom_deep_7_3_15_5_No2,167,7,SATISFIED,1.8898,99590.0,2792.41
SAL-Ei-LM,bom_deep_7_3_15_5_No2,167,8,SATISFIED,1.9005,99190.0,2784.47
SAL-Ei-LM,bom_deep_7_3_15_5_No2,167,9,SATISFIED,1.9029,101715.0,2808.09
SAL-Ei-LM,bom_deep_7_3_15_5_No2,167,10,SATISFIED,1.9014,100525.0,2806.06
SAL-Ei-LM,bom_deep_7_4_16_4_No1,476,1,SATISFIED,4.0589,6885053.0,1238.0
SAL-Ei-LM,bom_deep_7_4_16_4_No1,476,2,SATISFIED,3.4652,6815683.0,1232.09
SAL-Ei-LM,bom_deep_7_4_16_4_No1,476,3,SATISFIED,3.681,6941793.0,1237.16
SAL-Ei-LM,bom_deep_7_4_16_4_No1,476,4,SATISFIED,4.1414,7043559.0,1240.72
SAL-Ei-LM,bom_deep_7_4_16_4_No1,476,5,SATISFIED,4.062,6860900.0,1234.19
SAL-Ei-LM,bom_deep_7_4_16_4_No1,476,6,SATISFIED,3.5974,6846323.0,1229.97
SAL-Ei-LM,bom_deep_7_4_16_4_No1,476,7,SATISFIED,3.7976,6654450.0,1242.0
SAL-Ei-LM,bom_deep_7_4_16_4_No1,476,8,SATISFIED,4.4084,6734365.0,1278.06
SAL-Ei-LM,bom_deep_7_4_16_4_No1,476,9,SATISFIED,3.9376,6895345.0,1269.22
SAL-Ei-LM,bom_deep_7_4_16_4_No1,476,10,SATISFIED,4.6452,6793201.0,1241.34
SAL-Ei-LM,bom_deep_7_4_16_4_No2,122,1,SATISFIED,1.6979,1752060.0,3311.5
SAL-Ei-LM,bom_deep_7_4_16_4_No2,122,2,SATISFIED,1.7039,1679910.0,3334.12
SAL-Ei-LM,bom_deep_7_4_16_4_No2,122,3,SATISFIED,1.8058,1729633.0,3362.5
SAL-Ei-LM,bom_deep_7_4_16_4_No2,122,4,SATISFIED,1.8367,1715955.0,3362.78
SAL-Ei-LM,bom_deep_7_4_16_4_No2,122,5,SATISFIED,1.9118,1769655.0,3360.75
SAL-Ei-LM,bom_deep_7_4_16_4_No2,122,6,SATISFIED,1.8474,1748520.0,3344.59
SAL-Ei-LM,bom_deep_7_4_16_4_No2,122,7,SATISFIED,1.7922,1723176.0,3317.59
SAL-Ei-LM,bom_deep_7_4_16_4_No2,122,8,SATISFIED,1.7596,1759902.0,3348.22
SAL-Ei-LM,bom_deep_7_4_16_4_No2,122,9,SATISFIED,1.8901,1706400.0,3342.41
SAL-Ei-LM,bom_deep_7_4_16_4_No2,122,10,SATISFIED,1.9723,1695540.0,3341.38
SAL-Ei-LM,bom_deep_7_5_10_5_No1,229,1,SATISFIED,2.4979,2037714.0,2368.81
SAL-Ei-LM,bom_deep_7_5_10_5_No1,229,2,SATISFIED,2.5873,2074789.0,2370.59
SAL-Ei-LM,bom_deep_7_5_10_5_No1,229,3,SATISFIED,2.4612,2060258.0,2341.44
SAL-Ei-LM,bom_deep_7_5_10_5_No1,229,4,SATISFIED,2.4734,2022709.0,2343.06
SAL-Ei-LM,bom_deep_7_5_10_5_No1,229,5,SATISFIED,2.4838,2054968.0,2348.09
SAL-Ei-LM,bom_deep_7_5_10_5_No1,229,6,SATISFIED,2.2929,2007211.0,2359.53
SAL-Ei-LM,bom_deep_7_5_10_5_No1,229,7,SATISFIED,2.4428,2041281.0,2371.97
SAL-Ei-LM,bom_deep_7_5_10_5_No1,229,8,SATISFIED,2.445,2058526.0,2347.0
SAL-Ei-LM,bom_deep_7_5_10_5_No1,229,9,SATISFIED,2.3432,2015515.0,2336.66
SAL-Ei-LM,bom_deep_7_5_10_5_No1,229,10,SATISFIED,2.3474,2066848.0,2355.97
SAL-Ei-LM,bom_deep_7_5_10_5_No2,229,1,SATISFIED,2.301,2090397.0,2353.12
SAL-Ei-LM,bom_deep_7_5_10_5_No2,229,2,SATISFIED,2.3486,2052659.0,2382.81
SAL-Ei-LM,bom_deep_7_5_10_5_No2,229,3,SATISFIED,2.3511,2099224.0,2354.81
SAL-Ei-LM,bom_deep_7_5_10_5_No2,229,4,SATISFIED,2.3199,2090207.0,2342.56
SAL-Ei-LM,bom_deep_7_5_10_5_No2,229,5,SATISFIED,2.4371,2060380.0,2358.81
SAL-Ei-LM,bom_deep_7_5_10_5_No2,229,6,SATISFIED,2.4122,2029765.0,2391.56
SAL-Ei-LM,bom_deep_7_5_10_5_No2,229,7,SATISFIED,2.3525,2023321.0,2340.59
SAL-Ei-LM,bom_deep_7_5_10_5_No2,229,8,SATISFIED,2.3875,2036311.0,2404.84
SAL-Ei-LM,bom_deep_7_5_10_5_No2,229,9,SATISFIED,2.0203,2102931.0,2373.41
SAL-Ei-LM,bom_deep_7_5_10_5_No2,229,10,SATISFIED,2.0038,2002910.0,2420.44
SAL-Ei-LM,bom_deep_7_5_30_15_No1,151,1,SATISFIED,1.7002,623014.0,2366.09
SAL-Ei-LM,bom_deep_7_5_30_15_No1,151,2,SATISFIED,1.9054,638939.0,2393.44
SAL-Ei-LM,bom_deep_7_5_30_15_No1,151,3,SATISFIED,1.9108,655535.0,2355.56
SAL-Ei-LM,bom_deep_7_5_30_15_No1,151,4,SATISFIED,2.0064,656725.0,2372.44
SAL-Ei-LM,bom_deep_7_5_30_15_No1,151,5,SATISFIED,1.8679,645799.0,2366.94
SAL-Ei-LM,bom_deep_7_5_30_15_No1,151,6,SATISFIED,1.9101,644383.0,2377.94
SAL-Ei-LM,bom_deep_7_5_30_15_No1,151,7,SATISFIED,1.9737,676596.0,2372.53
SAL-Ei-LM,bom_deep_7_5_30_15_No1,151,8,SATISFIED,1.8701,629200.0,2371.59
SAL-Ei-LM,bom_deep_7_5_30_15_No1,151,9,SATISFIED,2.0159,608072.0,2362.47
SAL-Ei-LM,bom_deep_7_5_30_15_No1,151,10,SATISFIED,2.0589,633146.0,2373.69
SAL-Ei-LM,bom_deep_7_5_30_15_No2,151,1,SATISFIED,2.0013,621270.0,2365.91
SAL-Ei-LM,bom_deep_7_5_30_15_No2,151,2,SATISFIED,2.012,650711.0,2374.62
SAL-Ei-LM,bom_deep_7_5_30_15_No2,151,3,SATISFIED,1.9182,634250.0,2366.94
SAL-Ei-LM,bom_deep_7_5_30_15_No2,151,4,SATISFIED,1.9974,592599.0,2389.03
SAL-Ei-LM,bom_deep_7_5_30_15_No2,151,5,SATISFIED,1.9573,644161.0,2380.56
SAL-Ei-LM,bom_deep_7_5_30_15_No2,151,6,SATISFIED,1.9636,620769.0,2378.84
SAL-Ei-LM,bom_deep_7_5_30_15_No2,151,7,SATISFIED,1.8169,629388.0,2378.47
SAL-Ei-LM,bom_deep_7_5_30_15_No2,151,8,SATISFIED,1.8863,623367.0,2383.47
SAL-Ei-LM,bom_deep_7_5_30_15_No2,151,9,SATISFIED,1.8502,617567.0,2363.81
SAL-Ei-LM,bom_deep_7_5_30_15_No2,151,10,SATISFIED,1.8179,631861.0,2389.31
SAL-Ei-LM,bom_deep_8_3_16_4_No1,61,1,SATISFIED,1.4879,360075.0,4201.5
SAL-Ei-LM,bom_deep_8_3_16_4_No1,61,2,SATISFIED,1.4573,369705.0,4239.5
SAL-Ei-LM,bom_deep_8_3_16_4_No1,61,3,SATISFIED,1.4779,357480.0,4257.56
SAL-Ei-LM,bom_deep_8_3_16_4_No1,61,4,SATISFIED,1.4537,364380.0,4221.06
SAL-Ei-LM,bom_deep_8_3_16_4_No1,61,5,SATISFIED,1.4617,365880.0,4249.81
SAL-Ei-LM,bom_deep_8_3_16_4_No1,61,6,SATISFIED,1.4551,358148.0,4272.06
SAL-Ei-LM,bom_deep_8_3_16_4_No1,61,7,SATISFIED,1.459,359730.0,4261.09
SAL-Ei-LM,bom_deep_8_3_16_4_No1,61,8,SATISFIED,1.4442,359910.0,4293.22
SAL-Ei-LM,bom_deep_8_3_16_4_No1,61,9,SATISFIED,1.4412,364840.0,4301.5
SAL-Ei-LM,bom_deep_8_3_16_4_No1,61,10,SATISFIED,1.4917,361605.0,4343.19
SAL-Ei-LM,bom_deep_8_3_16_4_No2,43,1,SATISFIED,1.4726,2305585.0,4470.06
SAL-Ei-LM,bom_deep_8_3_16_4_No2,43,2,SATISFIED,1.53,2278245.0,4468.81
SAL-Ei-LM,bom_deep_8_3_16_4_No2,43,3,SATISFIED,1.5682,2276530.0,4515.53
SAL-Ei-LM,bom_deep_8_3_16_4_No2,43,4,SATISFIED,1.4884,2300415.0,4515.34
SAL-Ei-LM,bom_deep_8_3_16_4_No2,43,5,SATISFIED,1.7358,2270195.0,4467.97
SAL-Ei-LM,bom_deep_8_3_16_4_No2,43,6,SATISFIED,1.7194,2301840.0,4482.38
SAL-Ei-LM,bom_deep_8_3_16_4_No2,43,7,SATISFIED,1.607,2293065.0,4502.25
SAL-Ei-LM,bom_deep_8_3_16_4_No2,43,8,SATISFIED,1.6282,2269015.0,4487.25
SAL-Ei-LM,bom_deep_8_3_16_4_No2,43,9,SATISFIED,1.6437,2284290.0,4483.81
SAL-Ei-LM,bom_deep_8_3_16_4_No2,43,10,SATISFIED,1.4536,2303610.0,4545.72
SAL-Ei-LM,bom_deep_8_3_20_5_No1,58,1,SATISFIED,1.459,42185.0,4517.12
SAL-Ei-LM,bom_deep_8_3_20_5_No1,58,2,SATISFIED,1.5799,42141.0,4495.62
SAL-Ei-LM,bom_deep_8_3_20_5_No1,58,3,SATISFIED,1.4936,42126.0,4545.12
SAL-Ei-LM,bom_deep_8_3_20_5_No1,58,4,SATISFIED,1.495,42140.0,4525.09
SAL-Ei-LM,bom_deep_8_3_20_5_No1,58,5,SATISFIED,1.4905,42140.0,4590.31
SAL-Ei-LM,bom_deep_8_3_20_5_No1,58,6,SATISFIED,1.4866,42146.0,4584.25
SAL-Ei-LM,bom_deep_8_3_20_5_No1,58,7,SATISFIED,1.507,42131.0,4535.53
SAL-Ei-LM,bom_deep_8_3_20_5_No1,58,8,SATISFIED,1.4931,42146.0,4531.44
SAL-Ei-LM,bom_deep_8_3_20_5_No1,58,9,SATISFIED,1.4983,42156.0,4570.12
SAL-Ei-LM,bom_deep_8_3_20_5_No1,58,10,SATISFIED,1.398,42141.0,4555.47
SAL-Ei-LM,bom_deep_8_3_20_5_No2,43,1,SATISFIED,1.49,53816.0,4411.22
SAL-Ei-LM,bom_deep_8_3_20_5_No2,43,2,SATISFIED,1.5094,53880.0,4420.91
SAL-Ei-LM,bom_deep_8_3_20_5_No2,43,3,SATISFIED,1.5774,54167.0,4463.38
SAL-Ei-LM,bom_deep_8_3_20_5_No2,43,4,SATISFIED,1.5406,54720.0,4387.81
SAL-Ei-LM,bom_deep_8_3_20_5_No2,43,5,SATISFIED,1.644,54525.0,4394.25
SAL-Ei-LM,bom_deep_8_3_20_5_No2,43,6,SATISFIED,1.4894,53053.0,4398.28
SAL-Ei-LM,bom_deep_8_3_20_5_No2,43,7,SATISFIED,1.531,53987.0,4380.41
SAL-Ei-LM,bom_deep_8_3_20_5_No2,43,8,SATISFIED,1.4656,53877.0,4410.5
SAL-Ei-LM,bom_deep_8_3_20_5_No2,43,9,SATISFIED,1.4958,54314.0,4432.22
SAL-Ei-LM,bom_deep_8_3_20_5_No2,43,10,SATISFIED,1.513,53819.0,4394.62
SAL-Ei-LM,bom_deep_8_4_40_15_No1,794,1,SATISFIED,6.7481,393385.0,608.16
SAL-Ei-LM,bom_deep_8_4_40_15_No1,794,2,SATISFIED,6.3964,391691.0,608.91
SAL-Ei-LM,bom_deep_8_4_40_15_No1,794,3,SATISFIED,6.4081,407405.0,606.31
SAL-Ei-LM,bom_deep_8_4_40_15_No1,794,4,SATISFIED,6.4818,401605.0,603.84
SAL-Ei-LM,bom_deep_8_4_40_15_No1,794,5,SATISFIED,6.461,410072.0,608.12
SAL-Ei-LM,bom_deep_8_4_40_15_No1,794,6,SATISFIED,6.659,393231.0,621.91
SAL-Ei-LM,bom_deep_8_4_40_15_No1,794,7,SATISFIED,6.8285,400521.0,624.84
SAL-Ei-LM,bom_deep_8_4_40_15_No1,794,8,SATISFIED,8.2323,399203.0,606.28
SAL-Ei-LM,bom_deep_8_4_40_15_No1,794,9,SATISFIED,6.8056,411867.0,628.66
SAL-Ei-LM,bom_deep_8_4_40_15_No1,794,10,SATISFIED,6.795,404700.0,608.94
SAL-Ei-LM,bom_deep_8_4_40_15_No2,855,1,SATISFIED,7.9673,523725.0,557.78
SAL-Ei-LM,bom_deep_8_4_40_15_No2,855,2,SATISFIED,7.2583,516552.0,559.78
SAL-Ei-LM,bom_deep_8_4_40_15_No2,855,3,SATISFIED,7.2486,516737.0,548.47
SAL-Ei-LM,bom_deep_8_4_40_15_No2,855,4,SATISFIED,7.6658,504069.0,567.22
SAL-Ei-LM,bom_deep_8_4_40_15_No2,855,5,SATISFIED,7.5491,509345.0,566.22
SAL-Ei-LM,bom_deep_8_4_40_15_No2,855,6,SATISFIED,8.3479,510527.0,545.03
SAL-Ei-LM,bom_deep_8_4_40_15_No2,855,7,SATISFIED,7.5927,490924.0,550.03
SAL-Ei-LM,bom_deep_8_4_40_15_No2,855,8,SATISFIED,8.3814,489257.0,558.38
SAL-Ei-LM,bom_deep_8_4_40_15_No2,855,9,SATISFIED,7.4742,496057.0,552.12
SAL-Ei-LM,bom_deep_8_4_40_15_No2,855,10,SATISFIED,7.5919,507264.0,551.94
SAL-Ei-LM,bom_deep_8_5_10_5_No1,372,1,SATISFIED,2.854,4086022.0,1560.69
SAL-Ei-LM,bom_deep_8_5_10_5_No1,372,2,SATISFIED,3.0108,4058168.0,1577.31
SAL-Ei-LM,bom_deep_8_5_10_5_No1,372,3,SATISFIED,2.8928,3983299.0,1573.19
SAL-Ei-LM,bom_deep_8_5_10_5_No1,372,4,SATISFIED,3.0195,4084957.0,1571.12
SAL-Ei-LM,bom_deep_8_5_10_5_No1,372,5,SATISFIED,3.4706,4046476.0,1561.53
SAL-Ei-LM,bom_deep_8_5_10_5_No1,372,6,SATISFIED,3.2309,4118786.0,1563.25
SAL-Ei-LM,bom_deep_8_5_10_5_No1,372,7,SATISFIED,3.2782,3964535.0,1569.12
SAL-Ei-LM,bom_deep_8_5_10_5_No1,372,8,SATISFIED,3.1672,3815410.0,1569.66
SAL-Ei-LM,bom_deep_8_5_10_5_No1,372,9,SATISFIED,3.0302,4024105.0,1565.22
SAL-Ei-LM,bom_deep_8_5_10_5_No1,372,10,SATISFIED,3.0196,3865838.0,1576.09
SAL-Ei-LM,bom_deep_8_5_10_5_No2,372,1,SATISFIED,2.8099,3989984.0,1567.5
SAL-Ei-LM,bom_deep_8_5_10_5_No2,372,2,SATISFIED,3.0745,3880453.0,1562.41
SAL-Ei-LM,bom_deep_8_5_10_5_No2,372,3,SATISFIED,2.9358,3910266.0,1564.72
SAL-Ei-LM,bom_deep_8_5_10_5_No2,372,4,SATISFIED,3.2369,3832017.0,1563.75
SAL-Ei-LM,bom_deep_8_5_10_5_No2,372,5,SATISFIED,3.0064,3841223.0,1579.72
SAL-Ei-LM,bom_deep_8_5_10_5_No2,372,6,SATISFIED,2.8881,3894418.0,1570.06
SAL-Ei-LM,bom_deep_8_5_10_5_No2,372,7,SATISFIED,3.0176,3831418.0,1576.75
SAL-Ei-LM,bom_deep_8_5_10_5_No2,372,8,SATISFIED,3.4363,3894845.0,1574.22
SAL-Ei-LM,bom_deep_8_5_10_5_No2,372,9,SATISFIED,3.108,3829963.0,1579.38
SAL-Ei-LM,bom_deep_8_5_10_5_No2,372,10,SATISFIED,3.1059,3878794.0,1578.72
SAL-Ei-LM,bom_deep_8_5_30_15_No1,140,1,SATISFIED,1.7591,754983.0,2499.66
SAL-Ei-LM,bom_deep_8_5_30_15_No1,140,2,SATISFIED,1.7416,792487.0,2506.38
SAL-Ei-LM,bom_deep_8_5_30_15_No1,140,3,SATISFIED,1.8321,786523.0,2490.16
SAL-Ei-LM,bom_deep_8_5_30_15_No1,140,4,SATISFIED,1.7976,790416.0,2507.59
SAL-Ei-LM,bom_deep_8_5_30_15_No1,140,5,SATISFIED,1.8029,776756.0,2519.94
SAL-Ei-LM,bom_deep_8_5_30_15_No1,140,6,SATISFIED,1.7891,786411.0,2509.97
SAL-Ei-LM,bom_deep_8_5_30_15_No1,140,7,SATISFIED,1.8053,693194.0,2496.75
SAL-Ei-LM,bom_deep_8_5_30_15_No1,140,8,SATISFIED,1.762,776772.0,2508.41
SAL-Ei-LM,bom_deep_8_5_30_15_No1,140,9,SATISFIED,1.7645,789947.0,2594.19
SAL-Ei-LM,bom_deep_8_5_30_15_No1,140,10,SATISFIED,1.7485,795010.0,2542.16
SAL-Ei-LM,bom_deep_8_5_30_15_No2,140,1,SATISFIED,1.8187,791482.0,2505.69
SAL-Ei-LM,bom_deep_8_5_30_15_No2,140,2,SATISFIED,1.8085,806653.0,2502.5
SAL-Ei-LM,bom_deep_8_5_30_15_No2,140,3,SATISFIED,1.7899,796623.0,2489.12
SAL-Ei-LM,bom_deep_8_5_30_15_No2,140,4,SATISFIED,1.7918,801683.0,2488.06
SAL-Ei-LM,bom_deep_8_5_30_15_No2,140,5,SATISFIED,1.8105,772892.0,2533.16
SAL-Ei-LM,bom_deep_8_5_30_15_No2,140,6,SATISFIED,1.7975,784618.0,2499.38
SAL-Ei-LM,bom_deep_8_5_30_15_No2,140,7,SATISFIED,1.7974,742419.0,2520.94
SAL-Ei-LM,bom_deep_8_5_30_15_No2,140,8,SATISFIED,1.7949,755674.0,2475.88
SAL-Ei-LM,bom_deep_8_5_30_15_No2,140,9,SATISFIED,1.8117,765372.0,2493.19
SAL-Ei-LM,bom_deep_8_5_30_15_No2,140,10,SATISFIED,1.8436,785955.0,2491.22
SAL-Ei-LM,bom_deep_9_3_16_4_No1,10,1,SATISFIED,1.4281,96510.0,2171.31
SAL-Ei-LM,bom_deep_9_3_16_4_No1,10,2,SATISFIED,1.4096,97710.0,2202.78
SAL-Ei-LM,bom_deep_9_3_16_4_No1,10,3,SATISFIED,1.4007,96330.0,2219.28
SAL-Ei-LM,bom_deep_9_3_16_4_No1,10,4,SATISFIED,1.4183,97890.0,2197.84
SAL-Ei-LM,bom_deep_9_3_16_4_No1,10,5,SATISFIED,1.43,97710.0,2217.0
SAL-Ei-LM,bom_deep_9_3_16_4_No1,10,6,SATISFIED,1.5382,97410.0,2201.12
SAL-Ei-LM,bom_deep_9_3_16_4_No1,10,7,SATISFIED,1.3876,96810.0,2229.19
SAL-Ei-LM,bom_deep_9_3_16_4_No1,10,8,SATISFIED,1.3927,97188.0,2194.28
SAL-Ei-LM,bom_deep_9_3_16_4_No1,10,9,SATISFIED,1.403,96180.0,2226.16
SAL-Ei-LM,bom_deep_9_3_16_4_No1,10,10,SATISFIED,1.4952,95910.0,2210.59
SAL-Ei-LM,bom_deep_9_3_16_4_No2,297,1,SATISFIED,2.845,28178470.0,1887.5
SAL-Ei-LM,bom_deep_9_3_16_4_No2,297,2,SATISFIED,2.7766,27837090.0,1891.81
SAL-Ei-LM,bom_deep_9_3_16_4_No2,297,3,SATISFIED,2.7971,27381915.0,1927.41
SAL-Ei-LM,bom_deep_9_3_16_4_No2,297,4,SATISFIED,2.8698,27409440.0,1892.0
SAL-Ei-LM,bom_deep_9_3_16_4_No2,297,5,SATISFIED,2.6381,28101702.0,1875.78
SAL-Ei-LM,bom_deep_9_3_16_4_No2,297,6,SATISFIED,2.8398,28578780.0,1899.41
SAL-Ei-LM,bom_deep_9_3_16_4_No2,297,7,SATISFIED,2.5276,29882540.0,1886.81
SAL-Ei-LM,bom_deep_9_3_16_4_No2,297,8,SATISFIED,2.8096,28833243.0,1881.25
SAL-Ei-LM,bom_deep_9_3_16_4_No2,297,9,SATISFIED,2.7279,29389655.0,1872.72
SAL-Ei-LM,bom_deep_9_3_16_4_No2,297,10,SATISFIED,2.8852,27632100.0,1895.97
SAL-Ei-LM,bom_deep_9_4_40_15_No1,633,1,SATISFIED,5.2372,394156.0,795.66
SAL-Ei-LM,bom_deep_9_4_40_15_No1,633,2,SATISFIED,4.9198,406314.0,800.16
SAL-Ei-LM,bom_deep_9_4_40_15_No1,633,3,SATISFIED,5.8357,408545.0,803.72
SAL-Ei-LM,bom_deep_9_4_40_15_No1,633,4,SATISFIED,5.3731,393851.0,798.28
SAL-Ei-LM,bom_deep_9_4_40_15_No1,633,5,SATISFIED,4.9793,392765.0,793.56
SAL-Ei-LM,bom_deep_9_4_40_15_No1,633,6,SATISFIED,5.1521,396090.0,798.44
SAL-Ei-LM,bom_deep_9_4_40_15_No1,633,7,SATISFIED,5.8066,391930.0,801.31
SAL-Ei-LM,bom_deep_9_4_40_15_No1,633,8,SATISFIED,6.9293,388379.0,790.66
SAL-Ei-LM,bom_deep_9_4_40_15_No1,633,9,SATISFIED,6.0911,399794.0,800.59
SAL-Ei-LM,bom_deep_9_4_40_15_No1,633,10,SATISFIED,7.1587,403058.0,810.44
SAL-Ei-LM,bom_deep_9_4_40_15_No2,617,1,SATISFIED,6.0601,459867.0,806.34
SAL-Ei-LM,bom_deep_9_4_40_15_No2,617,2,SATISFIED,5.799,416111.0,800.78
SAL-Ei-LM,bom_deep_9_4_40_15_No2,617,3,SATISFIED,6.7097,411137.0,806.88
SAL-Ei-LM,bom_deep_9_4_40_15_No2,617,4,SATISFIED,4.6529,417040.0,805.94
SAL-Ei-LM,bom_deep_9_4_40_15_No2,617,5,SATISFIED,4.7477,428401.0,809.16
SAL-Ei-LM,bom_deep_9_4_40_15_No2,617,6,SATISFIED,4.697,422873.0,812.41
SAL-Ei-LM,bom_deep_9_4_40_15_No2,617,7,SATISFIED,6.0994,421144.0,830.69
SAL-Ei-LM,bom_deep_9_4_40_15_No2,617,8,SATISFIED,5.1109,439093.0,815.72
SAL-Ei-LM,bom_deep_9_4_40_15_No2,617,9,SATISFIED,4.9732,427205.0,811.06
SAL-Ei-LM,bom_deep_9_4_40_15_No2,617,10,SATISFIED,4.7404,430282.0,806.5
SAL-Ei-LM,bom_deep_9_5_10_5_No1,553,1,SATISFIED,3.8166,2989649.0,1048.41
SAL-Ei-LM,bom_deep_9_5_10_5_No1,553,2,SATISFIED,4.1777,3167088.0,1060.09
SAL-Ei-LM,bom_deep_9_5_10_5_No1,553,3,SATISFIED,4.2422,3027257.0,1063.47
SAL-Ei-LM,bom_deep_9_5_10_5_No1,553,4,SATISFIED,4.8213,3140381.0,1089.03
SAL-Ei-LM,bom_deep_9_5_10_5_No1,553,5,SATISFIED,4.8022,2930104.0,1061.41
SAL-Ei-LM,bom_deep_9_5_10_5_No1,553,6,SATISFIED,4.2082,3093023.0,1063.56
SAL-Ei-LM,bom_deep_9_5_10_5_No1,553,7,SATISFIED,4.5235,3015914.0,1059.34
SAL-Ei-LM,bom_deep_9_5_10_5_No1,553,8,SATISFIED,4.604,3169335.0,1054.16
SAL-Ei-LM,bom_deep_9_5_10_5_No1,553,9,SATISFIED,4.3487,3249798.0,1063.44
SAL-Ei-LM,bom_deep_9_5_10_5_No1,553,10,SATISFIED,4.504,2961194.0,1060.72
SAL-Ei-LM,bom_deep_9_5_10_5_No2,553,1,SATISFIED,4.0501,3011936.0,1055.62
SAL-Ei-LM,bom_deep_9_5_10_5_No2,553,2,SATISFIED,4.1634,3030529.0,1058.91
SAL-Ei-LM,bom_deep_9_5_10_5_No2,553,3,SATISFIED,4.1193,3011589.0,1068.25
SAL-Ei-LM,bom_deep_9_5_10_5_No2,553,4,SATISFIED,4.1955,2933949.0,1052.03
SAL-Ei-LM,bom_deep_9_5_10_5_No2,553,5,SATISFIED,4.1474,3051029.0,1056.22
SAL-Ei-LM,bom_deep_9_5_10_5_No2,553,6,SATISFIED,4.1784,3054594.0,1058.81
SAL-Ei-LM,bom_deep_9_5_10_5_No2,553,7,SATISFIED,4.248,2867410.0,1065.34
SAL-Ei-LM,bom_deep_9_5_10_5_No2,553,8,SATISFIED,4.9555,3049572.0,1059.56
SAL-Ei-LM,bom_deep_9_5_10_5_No2,553,9,SATISFIED,4.2132,2999281.0,1059.81
SAL-Ei-LM,bom_deep_9_5_10_5_No2,553,10,SATISFIED,4.1965,3098738.0,1056.16
SAL-Ei-LM,bom_deep_9_5_30_15_No1,705,1,SATISFIED,5.5595,2593863.0,706.34
SAL-Ei-LM,bom_deep_9_5_30_15_No1,705,2,SATISFIED,6.7819,2540216.0,714.91
SAL-Ei-LM,bom_deep_9_5_30_15_No1,705,3,SATISFIED,6.1725,2632961.0,709.78
SAL-Ei-LM,bom_deep_9_5_30_15_No1,705,4,SATISFIED,6.4188,2492706.0,734.66
SAL-Ei-LM,bom_deep_9_5_30_15_No1,705,5,SATISFIED,5.7839,2438443.0,732.19
SAL-Ei-LM,bom_deep_9_5_30_15_No1,705,6,SATISFIED,6.5691,2517092.0,723.62
SAL-Ei-LM,bom_deep_9_5_30_15_No1,705,7,SATISFIED,6.3729,2498878.0,723.06
SAL-Ei-LM,bom_deep_9_5_30_15_No1,705,8,SATISFIED,6.2356,2736099.0,741.03
SAL-Ei-LM,bom_deep_9_5_30_15_No1,705,9,SATISFIED,5.8428,2592794.0,719.53
SAL-Ei-LM,bom_deep_9_5_30_15_No1,705,10,SATISFIED,5.4536,2510421.0,736.41
SAL-Ei-LM,bom_deep_9_5_30_15_No2,705,1,SATISFIED,5.6312,2379828.0,713.06
SAL-Ei-LM,bom_deep_9_5_30_15_No2,705,2,SATISFIED,5.602,2429918.0,720.03
SAL-Ei-LM,bom_deep_9_5_30_15_No2,705,3,SATISFIED,5.6779,2522210.0,709.91
SAL-Ei-LM,bom_deep_9_5_30_15_No2,705,4,SATISFIED,5.5097,2481186.0,716.06
SAL-Ei-LM,bom_deep_9_5_30_15_No2,705,5,SATISFIED,5.7185,2585434.0,712.31
SAL-Ei-LM,bom_deep_9_5_30_15_No2,705,6,SATISFIED,5.7243,2384304.0,713.94
SAL-Ei-LM,bom_deep_9_5_30_15_No2,705,7,SATISFIED,5.5734,2440422.0,714.91
SAL-Ei-LM,bom_deep_9_5_30_15_No2,705,8,SATISFIED,5.697,2612980.0,721.34
SAL-Ei-LM,bom_deep_9_5_30_15_No2,705,9,SATISFIED,5.6813,2492241.0,706.22
SAL-Ei-LM,bom_deep_9_5_30_15_No2,705,10,SATISFIED,5.6148,2333070.0,713.53
SAL-Ei-LM,bom_deep_10_3_10_5_No1,45,1,SATISFIED,1.4095,59300.0,4331.06
SAL-Ei-LM,bom_deep_10_3_10_5_No1,45,2,SATISFIED,1.4551,58870.0,4339.47
SAL-Ei-LM,bom_deep_10_3_10_5_No1,45,3,SATISFIED,1.4577,58800.0,4349.44
SAL-Ei-LM,bom_deep_10_3_10_5_No1,45,4,SATISFIED,1.4785,59390.0,4474.03
SAL-Ei-LM,bom_deep_10_3_10_5_No1,45,5,SATISFIED,1.5321,58770.0,4337.41
SAL-Ei-LM,bom_deep_10_3_10_5_No1,45,6,SATISFIED,1.624,57810.0,4335.84
SAL-Ei-LM,bom_deep_10_3_10_5_No1,45,7,SATISFIED,1.6013,58690.0,4321.97
SAL-Ei-LM,bom_deep_10_3_10_5_No1,45,8,SATISFIED,1.8969,58940.0,4319.19
SAL-Ei-LM,bom_deep_10_3_10_5_No1,45,9,SATISFIED,1.6083,59230.0,4359.22
SAL-Ei-LM,bom_deep_10_3_10_5_No1,45,10,SATISFIED,1.5767,58530.0,4320.62
SAL-Ei-LM,bom_deep_10_3_10_5_No2,45,1,SATISFIED,1.537,51840.0,4438.28
SAL-Ei-LM,bom_deep_10_3_10_5_No2,45,2,SATISFIED,1.6023,52150.0,4508.28
SAL-Ei-LM,bom_deep_10_3_10_5_No2,45,3,SATISFIED,1.5131,52170.0,4474.97
SAL-Ei-LM,bom_deep_10_3_10_5_No2,45,4,SATISFIED,1.4964,51640.0,4528.81
SAL-Ei-LM,bom_deep_10_3_10_5_No2,45,5,SATISFIED,1.5625,52230.0,4516.41
SAL-Ei-LM,bom_deep_10_3_10_5_No2,45,6,SATISFIED,1.4931,51920.0,4513.75
SAL-Ei-LM,bom_deep_10_3_10_5_No2,45,7,SATISFIED,1.451,50370.0,4518.97
SAL-Ei-LM,bom_deep_10_3_10_5_No2,45,8,SATISFIED,1.4402,51120.0,4642.94
SAL-Ei-LM,bom_deep_10_3_10_5_No2,45,9,SATISFIED,1.6616,51800.0,4646.06
SAL-Ei-LM,bom_deep_10_3_10_5_No2,45,10,SATISFIED,1.3989,51850.0,4569.06
SAL-Ei-LM,bom_deep_10_3_15_5_No1,45,1,SATISFIED,1.3911,68813.0,4382.03
SAL-Ei-LM,bom_deep_10_3_15_5_No1,45,2,SATISFIED,1.3825,68986.0,4461.81
SAL-Ei-LM,bom_deep_10_3_15_5_No1,45,3,SATISFIED,1.441,68573.0,4415.84
SAL-Ei-LM,bom_deep_10_3_15_5_No1,45,4,SATISFIED,1.4414,68776.0,4350.91
SAL-Ei-LM,bom_deep_10_3_15_5_No1,45,5,SATISFIED,1.4567,69594.0,4377.84
SAL-Ei-LM,bom_deep_10_3_15_5_No1,45,6,SATISFIED,1.4341,68025.0,4361.19
SAL-Ei-LM,bom_deep_10_3_15_5_No1,45,7,SATISFIED,1.4534,69260.0,4373.06
SAL-Ei-LM,bom_deep_10_3_15_5_No1,45,8,SATISFIED,1.4349,69489.0,4389.88
SAL-Ei-LM,bom_deep_10_3_15_5_No1,45,9,SATISFIED,1.4825,69616.0,4395.44
SAL-Ei-LM,bom_deep_10_3_15_5_No1,45,10,SATISFIED,1.3591,70094.0,4348.38
SAL-Ei-LM,bom_deep_10_3_15_5_No2,45,1,SATISFIED,1.3877,53933.0,4393.34
SAL-Ei-LM,bom_deep_10_3_15_5_No2,45,2,SATISFIED,1.4126,54449.0,4468.69
SAL-Ei-LM,bom_deep_10_3_15_5_No2,45,3,SATISFIED,1.4165,54796.0,4446.31
SAL-Ei-LM,bom_deep_10_3_15_5_No2,45,4,SATISFIED,1.4022,54670.0,4487.59
SAL-Ei-LM,bom_deep_10_3_15_5_No2,45,5,SATISFIED,1.5131,55039.0,4455.88
SAL-Ei-LM,bom_deep_10_3_15_5_No2,45,6,SATISFIED,1.4574,54764.0,4436.09
SAL-Ei-LM,bom_deep_10_3_15_5_No2,45,7,SATISFIED,1.4006,54812.0,4419.5
SAL-Ei-LM,bom_deep_10_3_15_5_No2,45,8,SATISFIED,1.4233,55049.0,4499.88
SAL-Ei-LM,bom_deep_10_3_15_5_No2,45,9,SATISFIED,1.4369,54101.0,4504.47
SAL-Ei-LM,bom_deep_10_3_15_5_No2,45,10,SATISFIED,1.3993,54569.0,4451.75
SAL-Ei-LM,bom_deep_10_5_10_5_No1,681,1,SATISFIED,5.678,6736693.0,829.41
SAL-Ei-LM,bom_deep_10_5_10_5_No1,681,2,SATISFIED,5.6587,7213067.0,833.47
SAL-Ei-LM,bom_deep_10_5_10_5_No1,681,3,SATISFIED,6.1766,6733445.0,854.62
SAL-Ei-LM,bom_deep_10_5_10_5_No1,681,4,SATISFIED,5.2016,7135133.0,840.03
SAL-Ei-LM,bom_deep_10_5_10_5_No1,681,5,SATISFIED,5.0319,6654321.0,827.66
SAL-Ei-LM,bom_deep_10_5_10_5_No1,681,6,SATISFIED,5.5859,6976464.0,832.88
SAL-Ei-LM,bom_deep_10_5_10_5_No1,681,7,SATISFIED,5.4385,7129400.0,827.16
SAL-Ei-LM,bom_deep_10_5_10_5_No1,681,8,SATISFIED,5.3487,6586907.0,832.53
SAL-Ei-LM,bom_deep_10_5_10_5_No1,681,9,SATISFIED,6.1997,6776254.0,832.84
SAL-Ei-LM,bom_deep_10_5_10_5_No1,681,10,SATISFIED,5.2837,6901422.0,834.91
SAL-Ei-LM,bom_deep_10_5_10_5_No2,681,1,SATISFIED,5.3564,7273539.0,830.31
SAL-Ei-LM,bom_deep_10_5_10_5_No2,681,2,SATISFIED,5.6927,7359187.0,836.34
SAL-Ei-LM,bom_deep_10_5_10_5_No2,681,3,SATISFIED,6.1638,7062870.0,828.69
SAL-Ei-LM,bom_deep_10_5_10_5_No2,681,4,SATISFIED,5.6439,6960125.0,836.56
SAL-Ei-LM,bom_deep_10_5_10_5_No2,681,5,SATISFIED,5.1952,6930187.0,828.38
SAL-Ei-LM,bom_deep_10_5_10_5_No2,681,6,SATISFIED,5.7678,7184127.0,837.59
SAL-Ei-LM,bom_deep_10_5_10_5_No2,681,7,SATISFIED,6.525,7158663.0,829.38
SAL-Ei-LM,bom_deep_10_5_10_5_No2,681,8,SATISFIED,5.9919,7165523.0,844.94
SAL-Ei-LM,bom_deep_10_5_10_5_No2,681,9,SATISFIED,6.2438,7233278.0,830.25
SAL-Ei-LM,bom_deep_10_5_10_5_No2,681,10,SATISFIED,5.1813,6888242.0,834.66
SAL-Ei-LM,bom_deep_10_5_20_5_No1,5281,1,SATISFIED,204.1147,17027997.0,16.38
SAL-Ei-LM,bom_deep_10_5_20_5_No1,5281,2,SATISFIED,208.8746,17821084.0,17.94
SAL-Ei-LM,bom_deep_10_5_20_5_No1,5281,3,SATISFIED,208.9814,16785617.0,16.22
SAL-Ei-LM,bom_deep_10_5_20_5_No1,5281,4,SATISFIED,213.7632,17174845.0,18.03
SAL-Ei-LM,bom_deep_10_5_20_5_No1,5281,5,SATISFIED,199.4384,16465038.0,18.31
SAL-Ei-LM,bom_deep_10_5_20_5_No1,5281,6,SATISFIED,204.3998,17191413.0,19.88
SAL-Ei-LM,bom_deep_10_5_20_5_No1,5281,7,SATISFIED,206.5712,17058383.0,14.88
SAL-Ei-LM,bom_deep_10_5_20_5_No1,5281,8,SATISFIED,201.9701,17083565.0,15.25
SAL-Ei-LM,bom_deep_10_5_20_5_No1,5281,9,SATISFIED,199.6114,16515292.0,13.88
SAL-Ei-LM,bom_deep_10_5_20_5_No1,5281,10,SATISFIED,204.9077,17280396.0,15.88
SAL-Ei-LM,bom_deep_10_5_20_5_No2,72,1,SATISFIED,1.4067,87051.0,4302.5
SAL-Ei-LM,bom_deep_10_5_20_5_No2,72,2,SATISFIED,1.4935,88491.0,4178.34
SAL-Ei-LM,bom_deep_10_5_20_5_No2,72,3,SATISFIED,1.5025,87374.0,4089.66
SAL-Ei-LM,bom_deep_10_5_20_5_No2,72,4,SATISFIED,1.5292,87090.0,4122.09
SAL-Ei-LM,bom_deep_10_5_20_5_No2,72,5,SATISFIED,1.6021,87879.0,4069.22
SAL-Ei-LM,bom_deep_10_5_20_5_No2,72,6,SATISFIED,1.6354,87673.0,4123.0
SAL-Ei-LM,bom_deep_10_5_20_5_No2,72,7,SATISFIED,1.5599,86776.0,4111.28
SAL-Ei-LM,bom_deep_10_5_20_5_No2,72,8,SATISFIED,1.5971,87412.0,4143.59
SAL-Ei-LM,bom_deep_10_5_20_5_No2,72,9,SATISFIED,1.6106,87428.0,4116.03
SAL-Ei-LM,bom_deep_10_5_20_5_No2,72,10,SATISFIED,1.6561,87061.0,4090.34
SAL-Ei-LM,bom_deep_10_5_30_15_No1,922,1,SATISFIED,8.3122,6761381.0,504.53
SAL-Ei-LM,bom_deep_10_5_30_15_No1,922,2,SATISFIED,8.2162,6573168.0,511.44
SAL-Ei-LM,bom_deep_10_5_30_15_No1,922,3,SATISFIED,7.8973,6003109.0,503.66
SAL-Ei-LM,bom_deep_10_5_30_15_No1,922,4,SATISFIED,8.6307,6537467.0,509.97
SAL-Ei-LM,bom_deep_10_5_30_15_No1,922,5,SATISFIED,9.0052,6053263.0,508.09
SAL-Ei-LM,bom_deep_10_5_30_15_No1,922,6,SATISFIED,9.0422,6386977.0,507.5
SAL-Ei-LM,bom_deep_10_5_30_15_No1,922,7,SATISFIED,7.939,6415743.0,506.81
SAL-Ei-LM,bom_deep_10_5_30_15_No1,922,8,SATISFIED,9.0655,5566091.0,507.84
SAL-Ei-LM,bom_deep_10_5_30_15_No1,922,9,SATISFIED,8.5035,6571899.0,503.0
SAL-Ei-LM,bom_deep_10_5_30_15_No1,922,10,SATISFIED,8.1783,6305911.0,504.34
SAL-Ei-LM,bom_deep_10_5_30_15_No2,922,1,SATISFIED,8.0405,5731193.0,499.44
SAL-Ei-LM,bom_deep_10_5_30_15_No2,922,2,SATISFIED,7.9449,6624048.0,512.38
SAL-Ei-LM,bom_deep_10_5_30_15_No2,922,3,SATISFIED,7.9669,5884691.0,501.72
SAL-Ei-LM,bom_deep_10_5_30_15_No2,922,4,SATISFIED,7.9635,5891258.0,512.84
SAL-Ei-LM,bom_deep_10_5_30_15_No2,922,5,SATISFIED,8.8087,6806052.0,496.19
SAL-Ei-LM,bom_deep_10_5_30_15_No2,922,6,SATISFIED,8.2177,6275682.0,531.91
SAL-Ei-LM,bom_deep_10_5_30_15_No2,922,7,SATISFIED,10.3661,6338144.0,517.34
SAL-Ei-LM,bom_deep_10_5_30_15_No2,922,8,SATISFIED,8.8141,6724443.0,506.97
SAL-Ei-LM,bom_deep_10_5_30_15_No2,922,9,SATISFIED,8.1673,6854278.0,501.09
SAL-Ei-LM,bom_deep_10_5_30_15_No2,922,10,SATISFIED,8.0309,6150759.0,524.69
